[
  {
    "question": "What is the use of pliers And where will you use it ?",
    "answer": [
      {
        "user": "Zee khan",
        "value": "The pliers is used for cut the wire and take the cage key to open the cage."
      }
    ]
  },
  {
    "question": "How do u get into the garage with the car in it ?",
    "answer": [
      {
        "user": "Suptucker",
        "value": "To get to the car you need to go to the cafe and go thought the trash once you get the code from the trash you go to the cash register and get the coins than you go to the playground and put the coins in the mystery vending machine then you will get a paintball gun which you use to shoot the button through the door to open the garage."
      }
    ]
  },
  {
    "question": "How do you cut the light, in this game ?",
    "answer": [
      {
        "user": "Cut the loght",
        "value": "You get the car break the half wall thing at the parking space and the will be a wire."
      }
    ]
  },
  {
    "question": "Where is the oil found for greasing the gate ?",
    "answer": [
      {
        "user": "KittyKat",
        "value": "The oil is in the cafeteria in the room that you need an ID card."
      },
      {
        "user": "Santuco",
        "value": "I saw it in that room but then it disappeared."
      },
      {
        "user": "Mr WOLF",
        "value": "I have restarted the game 4 times and I cant get the oil can it just won't spawn."
      },
      {
        "user": "Fish head",
        "value": "1st u find it in the oven drawer. If it's not there then it's on the counter to the right side of the sink in the kitchen at the cafeteria."
      }
    ]
  },
  {
    "question": "How to use map in game ?",
    "answer": [
      {
        "user": "Beatrix",
        "value": "All the Locations: 1.Neighborhood, 2.Stall, 3.Cafeteria, 4.Parking, 5.Playground"
      },
      {
        "user": "SunKid",
        "value": "Ice scream 2: 1.Neighborhood, 2.Cinema, 3.Cemetery, 4.Circus, 5.Stall"
      }
    ]
  }
]